city,listings_count
South Kathryn,6
New Carol,6
Perezport,5
Jimmyberg,5
East Angela,5
West Whitneymouth,4
West Kevin,4
South Thomasville,4
South Christopherborough,4
Port Patrick,4
North Kevinhaven,4
North Keith,4
North Ianbury,4
New Amanda,4
Manningshire,4
Lake Travis,4
Lake Andrewmouth,4
Jonathanstad,4
Frederickside,4
East Stephanie,4
East Heatherport,4
Davidville,4
Zimmermanville,3
Williamsonmouth,3
West Sharonview,3
West Lauraborough,3
West Juliabury,3
West Adam,3
Watsonstad,3
Timothychester,3
Thomasville,3
South Lisaberg,3
South Jerryside,3
South Bryan,3
Port Robin,3
Port Melanie,3
Port Connie,3
Phillipsfort,3
Pereztown,3
Penabury,3
Paulmouth,3
Pamelaberg,3
North Sherrimouth,3
North Mike,3
North Lindseychester,3
North Julieburgh,3
North Amanda,3
New John,3
New Denise,3
New Curtis,3
Michaelport,3
Mendezmouth,3
Maxwellburgh,3
Marymouth,3
Markport,3
Madisonfort,3
Lindseybury,3
Leslieville,3
Laurietown,3
Lake Regina,3
Lake Karenfurt,3
Lake Justin,3
Lake Christopherburgh,3
Lake Amymouth,3
Jordanborough,3
Jonathanhaven,3
Jamesfurt,3
Hollyhaven,3
Heatherview,3
Gardnerfort,3
East Terrancemouth,3
East Sandratown,3
East Robert,3
East Melissa,3
East John,3
East Elizabethberg,3
East Craig,3
East Austin,3
East Andrewland,3
East Andrea,3
Donnaborough,3
Devinmouth,3
Coleburgh,3
Clarkberg,3
Cisnerostown,3
Castilloport,3
Carolchester,3
Brittanyside,3
Bradleyport,3
Bentleyburgh,3
Anneville,3
Allenton,3
Zimmermanton,2
Youngchester,2
Woodport,2
Williamsmouth,2
Williamsfort,2
Westmouth,2
West Samuelfurt,2
West Robert,2
West Miaside,2
West James,2
West Hunter,2
West Dawn,2
West Danielborough,2
West Corey,2
West Brandon,2
Walterborough,2
Wadeville,2
Villastad,2
Valentineside,2
Torresshire,2
Toddberg,2
Thorntonbury,2
Strongmouth,2
Stevenchester,2
South Tiffanyfort,2
South Stefanietown,2
South Michaelberg,2
South Kellyberg,2
South Edwardtown,2
South Danielle,2
South Bradleyburgh,2
South Andrewport,2
South Alicia,2
Solisburgh,2
Snyderton,2
Smithfort,2
Shortfurt,2
Sharonton,2
Sarahland,2
Sandrastad,2
Samanthabury,2
Russellfurt,2
Ruizmouth,2
Rodriguezview,2
Priceland,2
Port Victoria,2
Port Richardshire,2
Port Peter,2
Port Michael,2
Port Melissa,2
Port Lisamouth,2
Port Jeffrey,2
Port Eric,2
Port David,2
Port Bryce,2
Port Andrea,2
Phillipsmouth,2
Padillatown,2
North William,2
North Tom,2
North Stevenbury,2
North Nicholas,2
North Lauren,2
North Kennethshire,2
North Katelynland,2
North James,2
North Garybury,2
North Gary,2
North Ebony,2
North Douglasfurt,2
North Destiny,2
North Chase,2
North Charlesside,2
North Aaron,2
New Travisshire,2
New Rodneyville,2
New Richard,2
New Joel,2
New Jessica,2
New Jacob,2
New Evanport,2
New Calebberg,2
New Bobbytown,2
Murrayborough,2
Muellermouth,2
Mortonfort,2
Moralesside,2
Millerview,2
Michaelton,2
Medinatown,2
Maysside,2
Maynardstad,2
Marcstad,2
Manuelhaven,2
Louismouth,2
Lindseyland,2
Lewisberg,2
Leeburgh,2
Lake Stephen,2
Lake Rachael,2
Lake Mistyton,2
Lake Michaelfurt,2
Lake Michael,2
Lake Lorrainefort,2
Lake Kendramouth,2
Lake Jason,2
Lake Jamestown,2
Lake Donna,2
Lake Diane,2
Lake Christophermouth,2
Lake Benjamin,2
Lake April,2
Lake Alicia,2
Kylehaven,2
Kellytown,2
Jordanhaven,2
Joneshaven,2
Jonathanmouth,2
Johnsonborough,2
Jessicaland,2
Jeffreyshire,2
Jeffreybury,2
Jefferyside,2
Jasonstad,2
Jasonmouth,2
Jamesport,2
Herbertbury,2
Harrishaven,2
Gutierrezshire,2
Garciatown,2
Gaineschester,2
Francisshire,2
Erikatown,2
East Tammy,2
East Sheena,2
East Richardside,2
East Lisa,2
East Jacobchester,2
East Garyton,2
East Edwinburgh,2
East Candace,2
East Brittanyland,2
East Ashleyshire,2
East Anthony,2
East Angelafort,2
East Aaron,2
Davidborough,2
Darrylchester,2
Colemanton,2
Chelseyfort,2
Carlbury,2
Cameronside,2
Brookeland,2
Brittanyville,2
Brittanyland,2
Brandyberg,2
Blaketown,2
Bellport,2
Belindaville,2
Basstown,2
Bartonborough,2
Andreaborough,2
Amberton,2
Yatesside,1
Wilsonview,1
Wilsonport,1
Williamview,1
Williamland,1
Wheelermouth,1
Westbury,1
West Vanessafort,1
West Tinamouth,1
West Stevenport,1
West Samantha,1
West Omarside,1
West Michael,1
West Melissastad,1
West Melissa,1
West Matthew,1
West Lucasville,1
West Lisamouth,1
West Larry,1
West Kelli,1
West Karen,1
West Kara,1
West Dannyland,1
West Cherylfort,1
West Catherine,1
West Billborough,1
West Anthonymouth,1
West Amandafurt,1
West Aliciabury,1
West Adammouth,1
Weberfurt,1
Watsonton,1
Walterton,1
Walkerfurt,1
Villaborough,1
Velazquezview,1
Vazquezshire,1
Valdezborough,1
Tyronebury,1
Toddstad,1
Tinamouth,1
Timothyview,1
Taylormouth,1
Taylorchester,1
Tammyside,1
Tamaraside,1
Sylviabury,1
Steveport,1
Stephanieberg,1
Steeleport,1
Spenceland,1
South William,1
South Tylerstad,1
South Russelltown,1
South Robert,1
South Richardhaven,1
South Richard,1
South Randy,1
South Nicole,1
South Nicholasville,1
South Michellechester,1
South Marthahaven,1
South Kevinhaven,1
South Kellyville,1
South Karen,1
South Justinborough,1
South Johnshire,1
South Jillshire,1
South Jessicachester,1
South Jeffreyburgh,1
South Jacobport,1
South Douglashaven,1
South Donald,1
South Davidside,1
South Crystalberg,1
South Charles,1
South Brenda,1
South Anne,1
South Allisonburgh,1
Smithmouth,1
Shirleyland,1
Sheilaburgh,1
Sheenashire,1
Scottchester,1
Saraburgh,1
Samueltown,1
Salinasville,1
Salastown,1
Roystad,1
Rogersmouth,1
Rodriguezfurt,1
Robertshire,1
Roachhaven,1
Richchester,1
Richardsonhaven,1
Riceshire,1
Reyesshire,1
Reidland,1
Rebeccaburgh,1
Raybury,1
Randallchester,1
Ramseyfort,1
Ramosville,1
Port Troychester,1
Port Timothystad,1
Port Tanyaburgh,1
Port Staceymouth,1
Port Rubenville,1
Port Ronaldshire,1
Port Robertport,1
Port Michaelshire,1
Port Matthew,1
Port Markview,1
Port Marissachester,1
Port Marcland,1
Port Lesliebury,1
Port Leahfurt,1
Port Lance,1
Port Kevinburgh,1
Port Kendraborough,1
Port Karen,1
Port Jacob,1
Port Heidiland,1
Port Gregton,1
Port Erin,1
Port Emilyburgh,1
Port Emily,1
Port Dustin,1
Port Donnaton,1
Port Dianaberg,1
Port Davidshire,1
Port Daniellechester,1
Port Carrie,1
Port Anita,1
Port Andre,1
Port Amandamouth,1
Port Aaron,1
Petersonburgh,1
Perkinsbury,1
Pearsonchester,1
Patrickmouth,1
Patrickfort,1
Olsenstad,1
North Victoriastad,1
North Tracy,1
North Susan,1
North Steven,1
North Sharonburgh,1
North Sharonberg,1
North Ryan,1
North Nathan,1
North Michelle,1
North Melanie,1
North Mary,1
North Mariahchester,1
North Lisaland,1
North Kylestad,1
North Katherineshire,1
North Katelyn,1
North Joseph,1
North Jamesberg,1
North Elizabeth,1
North Edwinchester,1
North Crystal,1
North Catherine,1
North Carolfurt,1
North Caitlin,1
North Brooke,1
North Brentbury,1
North Brendaborough,1
North Ashley,1
Nolanmouth,1
Nicoletown,1
New Zachary,1
New Tiffanystad,1
New Thomasmouth,1
New Robertstad,1
New Ricky,1
New Rachel,1
New Ninashire,1
New Monicaside,1
New Michelle,1
New Michaelmouth,1
New Matthew,1
New Lisa,1
New Leslieport,1
New Larry,1
New Jamesburgh,1
New Hollyfurt,1
New Hannah,1
New Ginaborough,1
New Erica,1
New Douglas,1
New Dawnborough,1
New Daniel,1
New Connorfort,1
New Billy,1
New Baileyfort,1
New Aaronberg,1
Moseshaven,1
Morriston,1
Morganhaven,1
Mooreview,1
Mooremouth,1
Mooneybury,1
Mitchellmouth,1
Mikaylachester,1
Michaelview,1
Meghanfurt,1
Meganshire,1
Mcclainfurt,1
Matthewbury,1
Martinville,1
Marthaside,1
Marissaville,1
Madelinechester,1
Lopezport,1
Longland,1
Lisamouth,1
Linchester,1
Lewishaven,1
Lesterstad,1
Latoyaberg,1
Lake Vanessaland,1
Lake Vanessa,1
Lake Traceyburgh,1
Lake Theresa,1
Lake Tamara,1
Lake Shelby,1
Lake Ryanbury,1
Lake Richardhaven,1
Lake Raymondton,1
Lake Nathan,1
Lake Maria,1
Lake Lauraton,1
Lake Latasha,1
Lake Kristentown,1
Lake Kari,1
Lake Joseph,1
Lake Jessicamouth,1
Lake Jeffreytown,1
Lake Jasmin,1
Lake James,1
Lake Heather,1
Lake George,1
Lake Deborah,1
Lake Coryhaven,1
Lake Cathy,1
Lake Anthonyport,1
Kevinfort,1
Kentland,1
Keithburgh,1
Katherinefurt,1
Justinhaven,1
Joshuastad,1
Joseville,1
Josephburgh,1
Jonestown,1
Johnton,1
Johnstonhaven,1
Johnsonside,1
Johnport,1
Jeremiahfort,1
Jenniferville,1
Jennifertown,1
Jeffreyport,1
Jasonland,1
Jasmineberg,1
Janetborough,1
Huberstad,1
Hestermouth,1
Henrychester,1
Heatherside,1
Heathermouth,1
Hawkinsmouth,1
Harrisonbury,1
Grahamside,1
Ginaview,1
Gibsonfort,1
Garzaville,1
Garciaside,1
Garciaport,1
Garciamouth,1
Fowlerbury,1
Floresville,1
Evansmouth,1
Elliottberg,1
Edwardsbury,1
East Williamshire,1
East Timothy,1
East Sonyaport,1
East Shanestad,1
East Sandra,1
East Samantha,1
East Rossside,1
East Roberthaven,1
East Phillipton,1
East Nicholasbury,1
East Michelle,1
East Meganfort,1
East Lori,1
East Lindsayville,1
East Laurashire,1
East Kimberly,1
East Kevin,1
East Johnburgh,1
East Emilyburgh,1
East Emily,1
East Elizabeth,1
East Deniseborough,1
East Deborah,1
East Cynthia,1
East Courtneymouth,1
East Christophertown,1
East Bernard,1
East Amyfurt,1
Derekport,1
Deckermouth,1
Deborahland,1
Deborahfurt,1
Davisview,1
Davidport,1
Davidland,1
Danachester,1
Cunninghambury,1
Crystalborough,1
Cordovaborough,1
Connieside,1
Collinsmouth,1
Christopherton,1
Christopherstad,1
Christinetown,1
Christinamouth,1
Christinaland,1
Chelseaside,1
Charlesview,1
Charlesmouth,1
Chambersfort,1
Carrport,1
Carlborough,1
Cannonside,1
Callahanside,1
Browntown,1
Brownshire,1
Brownchester,1
Brownberg,1
Brittanyport,1
Brianside,1
Brendantown,1
Boylechester,1
Bonillahaven,1
Bentonfurt,1
Benjaminstad,1
Batesstad,1
Bairdfort,1
Ashleyhaven,1
Aprilberg,1
Anthonyton,1
Anthonyshire,1
Anthonyhaven,1
Anthonyborough,1
Annahaven,1
Andrewsmouth,1
Andersonville,1
Andersonmouth,1
Amandashire,1
Allenborough,1
Alexanderchester,1
Adambury,1
